"College to NBA: Difficult coaching leap for **** Hoiberg, Billy Donovan",Fred,1445891350315,http://chicagotribune.feedsportal.com/c/34253/f/622872/index.rss
In a world ... where Michael ****** can't sell his house,Jordan,1445891350315,http://chicagotribune.feedsportal.com/c/34253/f/622872/index.rss
"Former **** Dez Clark, wife reject plea deal in disorderly conduct case",Bear,1445891350315,http://chicagotribune.feedsportal.com/c/34253/f/622872/index.rss
Bulls' **** will start against Cavaliers,Rose,1445891350315,http://chicagotribune.feedsportal.com/c/34253/f/622872/index.rss
ESPN's GameDay headed to ****** for Temple-Notre Dame,Philly,1445891350315,http://chicagotribune.feedsportal.com/c/34253/f/622872/index.rss
Blackhawks welcome ***** back to town,Ducks,1445891350315,http://chicagotribune.feedsportal.com/c/34253/f/622872/index.rss
"Behind calm exterior, fire burns inside ***** coach Fred Hoiberg",Bulls,1445891350315,http://chicagotribune.feedsportal.com/c/34253/f/622872/index.rss
Does playing fantasy sports amount to gambling? ****** intensifies,Debate,1445891350315,http://chicagotribune.feedsportal.com/c/34253/f/622872/index.rss
"Cowboys owner ***** Jones, others continue to defend Greg Hardy's behavior",Jerry,1445891350315,http://chicagotribune.feedsportal.com/c/34253/f/622872/index.rss
Carlos ****** knows what awaits him against Robbie Lawler,Condit,1445891350315,http://chicagotribune.feedsportal.com/c/34253/f/622872/index.rss
Title for the ***** story: 'The Empire Strikes Back',Rizzo,1445891350315,http://chicagotribune.feedsportal.com/c/34253/f/622872/index.rss
UM fires coach Al ****** day after 58-0 debacle,Golden,1445891350315,http://chicagotribune.feedsportal.com/c/34253/f/622872/index.rss
Bulls season preview: ****** breakdown,Roster,1445891350315,http://chicagotribune.feedsportal.com/c/34253/f/622872/index.rss
"Ex-Blackhawk **** Fleury channels his pain, talent as country music singer",Theo,1445891350315,http://chicagotribune.feedsportal.com/c/34253/f/622872/index.rss
"US STOCKS SNAPSHOT-Dow, S&P 500 ends down with energy, *****",Apple,1445891350315,http://feeds.reuters.com/reuters/companyNews
U.S. judge expresses doubts over forcing ***** to unlock iPhone,Apple,1445891350315,http://feeds.reuters.com/reuters/companyNews
"What to ***** in the Day Ahead - Tuesday, Oct 27",Watch,1445891350315,http://feeds.reuters.com/reuters/companyNews
BRIEF-Ipsen and ****** collaborate to produce next generation botulinum toxins,EpiVax,1445891350315,http://feeds.reuters.com/reuters/companyNews
 1-Raytheon loses attempt to halt new U.S. Air ***** look at radar bids,Force,1445891350315,http://feeds.reuters.com/reuters/companyNews
"Nearly 280 **** as 7.5 Earthquake Hits North India, Pakistan, Afghanistan",Dead,1445891350315,http://feeds.feedburner.com/NdtvNews-TopStories
"NDA Government is Congress **** a Cow, Says Arun Shourie",Plus,1445891350315,http://feeds.feedburner.com/NdtvNews-TopStories
"Chhota Rajan, the Gangster Who ***** by Black-marketing Movie Tickets: 10 Facts",Began,1445891350315,http://feeds.feedburner.com/NdtvNews-TopStories
How ****** Rajan Was Caught After 20-Year International Hunt,Chhota,1445891350315,http://feeds.feedburner.com/NdtvNews-TopStories
Why #DrunkBhagwantMann Was a Top ***** on Twitter Today,Trend,1445891350315,http://feeds.feedburner.com/NdtvNews-TopStories
Nestle ***** to Resume Sale of Maggi Next Month,Plans,1445891350315,http://feeds.feedburner.com/NdtvNews-TopStories
Mahendra ***** Dhoni: Don't Ask Me What Went Wrong in Mumbai ODI,Singh,1445891350315,http://feeds.feedburner.com/NdtvNews-TopStories
BCCI to **** Into Ravi Shastri-Wankhede Curator Fiasco: Anurag Thakur,Look,1445891350315,http://feeds.feedburner.com/NdtvNews-TopStories
"After ***** Flattened by SA, Ravi Shastri Slams Wankhede Curator",India,1445891350315,http://feeds.feedburner.com/NdtvNews-TopStories
"Hot Dogs, ***** and Other Processed Meats Cause Cancer, WHO Declares",Bacon,1445891350315,http://feeds.feedburner.com/NdtvNews-TopStories
"Chhota Rajan, One of India's **** Wanted, Arrested in Indonesia",Most,1445891350315,http://feeds.feedburner.com/NdtvNews-TopStories
Here's **** it is Like to Watch Brain Surgery on Live TV,What,1445891350315,http://feeds.feedburner.com/NdtvNews-TopStories
"Geeta **** After Over 10 Years in Pakistan, Doesn't Recognise 'Family'",Home,1445891350315,http://feeds.feedburner.com/NdtvNews-TopStories
"PM Alleges 'Conspiracy of Sin' in Bihar, **** to Protect Quota",Vows,1445891350315,http://feeds.feedburner.com/NdtvNews-TopStories
Maruti ****** Baleno Launched in India; Prices Start at Rs. 4.99 Lakh,Suzuki,1445891350315,http://feeds.feedburner.com/NdtvNews-TopStories
"After Earthquake, ***** Metro Halts Trains for 15 Minutes, Thousands Affected",Delhi,1445891350315,http://feeds.feedburner.com/NdtvNews-TopStories
12 Schoolgirls ****** in Stampede After Afghan Earthquake: Officials,Killed,1445891350315,http://feeds.feedburner.com/NdtvNews-TopStories
Major Earthquakes of The **** 30 Years,Past,1445891350315,http://feeds.feedburner.com/NdtvNews-TopStories
"'Stop Lying, ***** Working': Rahul Gandhi Takes Swipe at PM in Bihar",Start,1445891350315,http://feeds.feedburner.com/NdtvNews-TopStories
Processed ***** Increase the Risk of Cancer Says WHO Report,Meats,1445891350315,http://feeds.feedburner.com/NdtvNews-TopStories
Indonesia President to ***** US Early to Deal With Haze Crisis,Leave,1445891350315,http://feeds.feedburner.com/ndtv/TqgX
100 ****** in South Africa After Jet Landing Gear Collapse,Unhurt,1445891350315,http://feeds.feedburner.com/ndtv/TqgX
"Argentina's ****** Party, Opposition Kick Off Race for Run-Off Support",Ruling,1445891350315,http://feeds.feedburner.com/ndtv/TqgX
Salon ****** Praised Cryotherapy - Then 'Froze to Death' During Treatment,Worker,1445891350315,http://feeds.feedburner.com/ndtv/TqgX
Pope Francis Condemns Xenophobia Against Gypsies But **** They Must Obey Laws,Says,1445891350315,http://feeds.feedburner.com/ndtv/TqgX
Russia to ****** Tsar Alexander III in His Son's Century-old Murder Probe,Exhume,1445891350315,http://feeds.feedburner.com/ndtv/TqgX
US **** to Send Destroyer Within 12 Miles of Chinese Islands,Navy,1445891350315,http://feeds.feedburner.com/ndtv/TqgX
Venezuela ****** Pressure on Prosecutor in Opposition Leader's Trial,Denies,1445891350315,http://feeds.feedburner.com/ndtv/TqgX
Developed Countries ****** More to Combat Climate Change: India,Should,1445891350315,http://feeds.feedburner.com/ndtv/TqgX
New ****** Man Kills Friend to Stop Him Becoming 'Zombie': Police,Mexico,1445891350315,http://feeds.feedburner.com/ndtv/TqgX
Why 300 ***** Bears Were Killed in Less Than a Week in Florida,Black,1445891350315,http://feeds.feedburner.com/ndtv/TqgX
At ***** 3 Dead in Suicide Attack at Saudi Mosque: Media Reports,Least,1445891350315,http://feeds.feedburner.com/ndtv/TqgX
Fuel-strapped ***** Sends Team to China to Ease Supply,Nepal,1445891350315,http://feeds.feedburner.com/ndtv/TqgX
"Hot Dogs, ***** and Other Processed Meats Cause Cancer, WHO Declares",Bacon,1445891350315,http://feeds.feedburner.com/ndtv/TqgX
Bomb ****** on Shi'ite Pilgrims in Baghdad Kills 7: Sources,Attack,1445891350315,http://feeds.feedburner.com/ndtv/TqgX
Syrian ***** Alliance Tells Russia to Stop Bombing It,Rebel,1445891350315,http://feeds.feedburner.com/ndtv/TqgX
World Catholic Leaders ****** for Bold Climate Change Agreement,Appeal,1445891350315,http://feeds.feedburner.com/ndtv/TqgX
"Pope ***** 'Fresh Start' for Roma, Sinti Communities",Urges,1445891350315,http://feeds.feedburner.com/ndtv/TqgX
Here's **** it is Like to Watch Brain Surgery on Live TV,What,1445891350315,http://feeds.feedburner.com/ndtv/TqgX
'Poo Bomb' **** Plane Smashes Hole in Couple's Roof,From,1445891350315,http://feeds.feedburner.com/ndtv/TqgX
"Nearly 280 **** as 7.5 Earthquake Hits North India, Pakistan, Afghanistan",Dead,1445891350315,http://feeds.feedburner.com/NDTV-Trending
"NDA Government is Congress **** a Cow, Says Arun Shourie",Plus,1445891350315,http://feeds.feedburner.com/NDTV-Trending
"Chhota Rajan, the Gangster Who ***** by Black-marketing Movie Tickets: 10 Facts",Began,1445891350315,http://feeds.feedburner.com/NDTV-Trending
AB de Villiers Reckons R Ashwin's Absence a Big ****** in India's Loss,Factor,1445891350315,http://feeds.feedburner.com/NDTV-Trending
How ****** Rajan Was Caught After 20-Year International Hunt,Chhota,1445891350315,http://feeds.feedburner.com/NDTV-Trending
Why #DrunkBhagwantMann Was a Top ***** on Twitter Today,Trend,1445891350315,http://feeds.feedburner.com/NDTV-Trending
Low ***** Keep IndiGo Flying High in Indian Airline Market,Costs,1445891350315,http://feeds.feedburner.com/NDTV-Trending
BCCI to **** Into Ravi Shastri-Wankhede Curator Fiasco: Anurag Thakur,Look,1445891350315,http://feeds.feedburner.com/NDTV-Trending
"After ***** Flattened by SA, Ravi Shastri Slams Wankhede Curator",India,1445891350315,http://feeds.feedburner.com/NDTV-Trending
"Hot Dogs, ***** and Other Processed Meats Cause Cancer, WHO Declares",Bacon,1445891350315,http://feeds.feedburner.com/NDTV-Trending
"Chhota Rajan, One of India's **** Wanted, Arrested in Indonesia",Most,1445891350315,http://feeds.feedburner.com/NDTV-Trending
"Geeta **** After Over 10 Years in Pakistan, Doesn't Recognise 'Family'",Home,1445891350315,http://feeds.feedburner.com/NDTV-Trending
Maruti ****** Baleno Launched in India; Prices Start at Rs. 4.99 Lakh,Suzuki,1445891350315,http://feeds.feedburner.com/NDTV-Trending
'Xiaomi to Use 3D Touch-Like Pressure-Sensitive **** in Future Phones',Tech,1445891350315,http://feeds.feedburner.com/NDTV-Trending
"IndiGo's Rs 3,000-Crore IPO to **** for Subscription: 10 Facts",Open,1445891350315,http://feeds.feedburner.com/NDTV-Trending
"After Earthquake, ***** Metro Halts Trains for 15 Minutes, Thousands Affected",Delhi,1445891350315,http://feeds.feedburner.com/NDTV-Trending
Is Microsoft's Surface **** Really Twice as Fast as the Mac**** Pro?,Book,1445891350315,http://feeds.feedburner.com/NDTV-Trending
12 Schoolgirls ****** in Stampede After Afghan Earthquake: Officials,Killed,1445891350315,http://feeds.feedburner.com/NDTV-Trending
Mahendra ***** Dhoni: Don't Ask Me What Went Wrong in Mumbai ODI,Singh,1445891350315,http://feeds.feedburner.com/NDTV-Trending
"'Stop Lying, ***** Working': Rahul Gandhi Takes Swipe at PM in Bihar",Start,1445891350315,http://feeds.feedburner.com/NDTV-Trending
Can **** help track food poisoning?,Yelp,1445891350315,http://rss.cnn.com/rss/cnn_topstories.rss
Ole **** removes state flag,Miss,1445891350315,http://rss.cnn.com/rss/cnn_topstories.rss
Zakaria: **** war 'terrible mistake',Iraq,1445891350315,http://rss.cnn.com/rss/cnn_topstories.rss
Tony Blair: Ousting ****** was right,Saddam,1445891350315,http://rss.cnn.com/rss/cnn_topstories.rss
Viral video: **** with Down syndrome makes team,Girl,1445891350315,http://rss.cnn.com/rss/cnn_us.rss
Ole **** removes state flag,Miss,1445891350315,http://rss.cnn.com/rss/cnn_us.rss
Ho Ho Horrors! ***** #YuleAWeen,Happy,1445891350315,http://rss.cnn.com/rss/cnn_us.rss
Asteroid to spook ***** on Halloween,Earth,1445891350315,http://rss.cnn.com/rss/cnn_us.rss
Godzilla El **** to lower your heating bill,Nino,1445891350315,http://rss.cnn.com/rss/money_latest.rss
Jeb **** ramps up his Fox News appearances,Bush,1445891350315,http://rss.cnn.com/rss/money_latest.rss
Does ***** have a big China problem?,Apple,1445891350315,http://rss.cnn.com/rss/money_latest.rss
"Facebook at **** banks RBS' 100,000 employees",Work,1445891350315,http://rss.cnn.com/rss/money_latest.rss
Donald ***** is wrong about Ford and Mexico,Trump,1445891350315,http://rss.cnn.com/rss/money_latest.rss
Dumping fossil fuels was great move for Rockefeller Brothers ****,Fund,1445891350315,http://rss.cnn.com/rss/money_latest.rss
Japan **** to deliver mega IPO,Post,1445891350315,http://rss.cnn.com/rss/money_latest.rss
Aston ****** to sell a James Bond 'Spectre' car -- but just one,Martin,1445891350315,http://rss.cnn.com/rss/money_latest.rss
Chinese company to buy ***** oil fields in $1.3 billion deal,Texas,1445891350315,http://rss.cnn.com/rss/money_latest.rss
Chinese activist Ai ****** accuses Lego of 'censorship',Weiwei,1445891350315,http://rss.cnn.com/rss/money_latest.rss
"Dow, S&P 500 ends down with energy, *****",Apple,1445891350315,http://feeds.reuters.com/reuters/businessNews
Bridgestone to buy U.S. auto parts retailer Pep ****,Boys,1445891350315,http://feeds.reuters.com/reuters/businessNews
Volkswagen hires former CEO of GM's **** to run group strategy,Opel,1445891350315,http://feeds.reuters.com/reuters/businessNews
New **** probes broadband speeds,York,1445891350315,http://feeds.reuters.com/reuters/businessNews
Philips $3.3-billion sale of Lumileds to Go ***** in doubt,Scale,1445891350315,http://feeds.reuters.com/reuters/businessNews
The ****** Of Greed: How Sardar Biglari Paid Himself $34 Million Despite Lousy Fund Returns,Gospel,1445891350315,http://www.forbes.com/markets/feed/
"Notable ****** Option Activity: CMCSA, COH, MSFT",Monday,1445891350315,http://www.forbes.com/markets/feed/
"Monday ****** Laggards: Energy, Materials",Sector,1445891350315,http://www.forbes.com/markets/feed/
"Monday ****** Leaders: Services, Healthcare",Sector,1445891350315,http://www.forbes.com/markets/feed/
Calumet Specialty Product Partners ***** Top Dividend Stock With Insider Buying and 10.41% Yield,Named,1445891350315,http://www.forbes.com/markets/feed/
Norfolk Southern's Q3 Earnings Preview: **** Shipments To Negatively Impact Results,Weak,1445891350315,http://www.forbes.com/markets/feed/
"State ****** Announces Job Cuts After Poor ETF Growth, Swelling Expenses Hurt Q3 Results",Street,1445891350315,http://www.forbes.com/markets/feed/
McDonald's ***** Up 8% On Positive Comps Across All Major Markets,Stock,1445891350315,http://www.forbes.com/markets/feed/
Earnings Preview: ****** Quarter in The U.S. Should Result In High Profits For Ford,Superb,1445891350315,http://www.forbes.com/markets/feed/
Slowdown In The Chinese Economy **** Likely Impact Alibaba's Growth During The Quarterly Results,Will,1445891350315,http://www.forbes.com/markets/feed/
"Apple Earnings Preview: Chinese Growth, ****** Upgrade Program, Apple Watch In Focus",iPhone,1445891350315,http://www.forbes.com/markets/feed/
"****, **** Miners Rally From Low: How To Tell If This Uptrend Is For Real",Gold,1445891350315,http://www.forbes.com/markets/feed/
Quietly Priceline ***** All Time Highs Today,Makes,1445891350315,http://www.forbes.com/markets/feed/
A Breakthrough In ***** Streaming Royalty Payments Is Underway,Music,1445891350315,http://www.forbes.com/markets/feed/
Marketo ***** Looks Bubbly With Valuation In The Clouds,Stock,1445891350315,http://www.forbes.com/markets/feed/
"Monday ****** Laggards: Oil & Gas Exploration & Production, Shipping Stocks",Sector,1445891350315,http://www.forbes.com/markets/feed/
"Monday ****** Leaders: Agriculture & Farm Products, Auto Dealerships",Sector,1445891350315,http://www.forbes.com/markets/feed/
The Men Who **** A Fortune Off America's Most Controversial Stock,Made,1445891350315,http://www.forbes.com/markets/feed/
"Valeant Pharmaceuticals **** Philidor Rx Was Not Material, Distances Itself From Liability",Says,1445891350315,http://www.forbes.com/markets/feed/
"China ****** in Play for BABA, MGM, F Earnings; Pharma Trio on Tap, Too",Impact,1445891350315,http://www.forbes.com/markets/feed/
Someone Is Spending **** Pension Money,Your,1445891350315,http://www.forbes.com/markets/feed/
Prospect Capital ***** To Put More Money In Your Pocket (PSEC),About,1445891350315,http://www.forbes.com/markets/feed/
"Monday 10/26 Insider ****** Report: BK, ATI",Buying,1445891350315,http://www.forbes.com/markets/feed/
3. ****** of Spies $11.4M,Bridge,1445891350315,http://www.fandango.com/rss/top10boxoffice.rss
4. The **** Witch Hunter $10.8M,Last,1445891350315,http://www.fandango.com/rss/top10boxoffice.rss
5. ***** Transylvania 2 $9M,Hotel,1445891350315,http://www.fandango.com/rss/top10boxoffice.rss
6. Paranormal Activity: The ***** Dimension $8.2M,Ghost,1445891350315,http://www.fandango.com/rss/top10boxoffice.rss
7. ***** Jobs $7.3M,Steve,1445891350315,http://www.fandango.com/rss/top10boxoffice.rss
8. Crimson **** $5.6M,Peak,1445891350315,http://www.fandango.com/rss/top10boxoffice.rss
9. The ****** $3.9M,Intern,1445891350315,http://www.fandango.com/rss/top10boxoffice.rss
Does **** Mean **** on 'The Walking ****'? THR Critics Debate,Dead,1445891350315,http://feeds.feedburner.com/thr/news
FX ****** 'Married' Canceled,Comedy,1445891350315,http://feeds.feedburner.com/thr/news
'SNL': Matthew McConaughey to **** With Adele as Musical Guest Nov. 21,Host,1445891350315,http://feeds.feedburner.com/thr/news
"Mila Kunis, Christina Applegate, Kristen **** to Star in Mom Comedy",Bell,1445891350315,http://feeds.feedburner.com/thr/news
Hallmark Channel Has **** to the (Hero) Dogs,Gone,1445891350315,http://feeds.feedburner.com/thr/news
'Walking Dead' **** Offers Hope About Fan Favorite's Future,Boss,1445891350315,http://feeds.feedburner.com/thr/news
TV Ratings: 'The Simpsons' ****** With Football Lead-In,Climbs,1445891350315,http://feeds.feedburner.com/thr/news
How ****** Lake Became L.A.'s Most Competitive Housing Market,Silver,1445891350315,http://feeds.feedburner.com/thr/news
"Reese Witherspoon on Her Production Company: ""We Support New ****** Voices in Film""",Female,1445891350315,http://feeds.feedburner.com/thr/news
"'Mena' ***** Creates Refrigerator Conflict Between Tom Cruise, Doug Liman",Shoot,1445891350315,http://feeds.feedburner.com/thr/news
"MTV EMAs: ****** Bieber Triumphs as Ed Sheeran, One Direction and Taylor Swift Share Spoils",Justin,1445891350315,http://feeds.feedburner.com/thr/news
"Trump ***** $1M ""Small Loan"" from Father, Iowa Tweet, McDonald's, Hillary Clinton on 'Today'",Talks,1445891350315,http://feeds.feedburner.com/thr/news
"Yahoo Reaches 15.2M ****** Viewers, 33.6M Streams for First NFL Live Game",Unique,1445891350315,http://feeds.feedburner.com/thr/news
Did 'The Walking Dead' **** Kill Off a Fan Favorite?,Just,1445891350315,http://feeds.feedburner.com/thr/news
'Spectre': **** Review,Film,1445891350315,http://feeds.feedburner.com/thr/news
Oracle Introduces Groundbreaking ****** Analytics in the Cloud with New Data ******ization Cloud Service,Visual,1445891350315,https://www.oracle.com/corporate/press/rss/rss-pr.xml
New ****** Supply Chain Management Cloud Offerings Address Needs of Modern Value Chain,Oracle,1445891350315,https://www.oracle.com/corporate/press/rss/rss-pr.xml
****** Announces New ****** HCM Cloud Capabilities to Power HR Transformation,Oracle,1445891350315,https://www.oracle.com/corporate/press/rss/rss-pr.xml
Oracle Expands Database ***** Portfolio with Unprecedented Enterprise-Class Capabilities,Cloud,1445891350315,https://www.oracle.com/corporate/press/rss/rss-pr.xml
Oracle Announces **** Availability of Oracle Database 12<em>c</em> Release 2,Beta,1445891350315,https://www.oracle.com/corporate/press/rss/rss-pr.xml
What Customers and Partners are ****** About SPARC M7-Based Systems,Saying,1445891350315,https://www.oracle.com/corporate/press/rss/rss-pr.xml
"Oracle Solaris 11.3 Delivers Security, ***** and Simplicity for Enterprise Cloud Environments and DevOps",Speed,1445891350315,https://www.oracle.com/corporate/press/rss/rss-pr.xml
Oracle Announces Breakthrough Processor and Systems ****** with SPARC M7,Design,1445891350315,https://www.oracle.com/corporate/press/rss/rss-pr.xml
Oracle ****** Middleware Enhancements Enable Organizations to Innovate and Consolidate On-Premises and in the Cloud,Fusion,1445891350315,https://www.oracle.com/corporate/press/rss/rss-pr.xml
Oracle Launches Next-Generation ***** Program to Help Partners Accelerate Success in the *****,Cloud,1445891350315,https://www.oracle.com/corporate/press/rss/rss-pr.xml
Oracle and ***** Help Customers Migrate Oracle Database off Aging IBM Power Systems,Intel,1445891350315,https://www.oracle.com/corporate/press/rss/rss-pr.xml
Oracle OpenWorld 2015 Delivers the Ultimate ***** Experience,Cloud,1445891350315,https://www.oracle.com/corporate/press/rss/rss-pr.xml
Oracle ***** Injunction Against Rimini Street After Findings of Massive Copyright Violations and $50 Million Jury Verdict Against Rimini and CEO Ravin,Seeks,1445891350315,https://www.oracle.com/corporate/press/rss/rss-pr.xml
"Primavera Solution ***** from Oracle Delivers a Complete Cost, Schedule, and Scope Management Solution",Suite,1445891350315,https://www.oracle.com/corporate/press/rss/rss-pr.xml
Oracle Communications Diameter Signaling ****** Is Now Cloud-Deployable,Router,1445891350315,https://www.oracle.com/corporate/press/rss/rss-pr.xml
Oracle Forecast: ****** Diameter Signaling Growth Will Surpass Total ****** IP Traffic Growth by 2019,Global,1445891350315,https://www.oracle.com/corporate/press/rss/rss-pr.xml
TCR Selects ****** Hospitality for Industry-Leading Functionality and Efficiency,Oracle,1445891350315,https://www.oracle.com/corporate/press/rss/rss-pr.xml
New ****** OpenStack for ****** Linux Now Available,Oracle,1445891350315,https://www.oracle.com/corporate/press/rss/rss-pr.xml
Oracle Introduces Financial Reporting Compliance ***** Service for Effective Risk Management,Cloud,1445891350315,https://www.oracle.com/corporate/press/rss/rss-pr.xml
"Oracle Announces **** for Oracle HCM World 2016, Opens Call for Papers",Date,1445891350315,https://www.oracle.com/corporate/press/rss/rss-pr.xml
Newell (NWL) ****** Elmer's Buyout &amp; Enhances Portfolio,Closes,1445891350315,http://articlefeeds.nasdaq.com/nasdaq/categories?category=Business
Whiting Petroleum's (WLL) Q3 Earnings: **** to Expect?,What,1445891350315,http://articlefeeds.nasdaq.com/nasdaq/categories?category=Business
DuPont (DD) Q3 Preview: **** Currency Hit Earnings Again?,Will,1445891350315,http://articlefeeds.nasdaq.com/nasdaq/categories?category=Business
DICK'S Sporting ***** Up Expansion with 5 More Stores,Paces,1445891350315,http://articlefeeds.nasdaq.com/nasdaq/categories?category=Business
Crane Co. (CR) to ****** Q3 Earnings: What to Expect?,Report,1445891350315,http://articlefeeds.nasdaq.com/nasdaq/categories?category=Business
Will Infinera (INFN) **** Its Earnings Streak Alive in Q3?,Keep,1445891350315,http://articlefeeds.nasdaq.com/nasdaq/categories?category=Business
What's in ***** for Amkor Technology (AMKR) on Q3 Earnings?,Store,1445891350315,http://articlefeeds.nasdaq.com/nasdaq/categories?category=Business
Will ***** (SPG) Beat Q3 Earnings on Higher Revenues?,Simon,1445891350315,http://articlefeeds.nasdaq.com/nasdaq/categories?category=Business
Will Ingersoll (IR) Q3 Earnings Disappoint **** Season?,This,1445891350315,http://articlefeeds.nasdaq.com/nasdaq/categories?category=Business
Will Macerich (MAC) **** Q3 Earnings on a Better Portfolio?,Beat,1445891350315,http://articlefeeds.nasdaq.com/nasdaq/categories?category=Business
Waste Management (WM) Q3 Earnings: **** to Expect?,What,1445891350315,http://articlefeeds.nasdaq.com/nasdaq/categories?category=Business
Will CBRE ***** (CBG) Surprise This Earnings Season?,Group,1445891350315,http://articlefeeds.nasdaq.com/nasdaq/categories?category=Business
What's in ***** for Comcast (CMCSA) this Earnings Season?,Store,1445891350315,http://articlefeeds.nasdaq.com/nasdaq/categories?category=Business
Will Assurant (AIZ) **** Estimates This Earnings Season?,Beat,1445891350315,http://articlefeeds.nasdaq.com/nasdaq/categories?category=Business
Cairns reaction to victory 'unusual' - ******,Harris,1445891350315,http://www.espncricinfo.com/rss/content/story/feeds/0.xml
Sponsors have not lost faith in brand IPL - ******,Thakur,1445891350315,http://www.espncricinfo.com/rss/content/story/feeds/0.xml
'Didn't deserve to get out of jail' - ****,Cook,1445891350315,http://www.espncricinfo.com/rss/content/story/feeds/0.xml
'We need to work on our temperament' - ******,Holder,1445891350315,http://www.espncricinfo.com/rss/content/story/feeds/0.xml
Warner confirmed for ****** return,Shield,1445891350315,http://www.espncricinfo.com/rss/content/story/feeds/0.xml
Why 5G will be the superfast ***** Army knife of wireless networks,Swiss,1445891350315,http://www.cnet.com/rss/news/
Apple sued over new ****** feature Wi-Fi Assist,iPhone,1445891350315,http://www.cnet.com/rss/news/
Apple faces lawsuit over data bills tied to Wi-Fi ******,Assist,1445891350315,http://www.cnet.com/rss/news/
Tolkien-notated Middle-earth map found in copy of 'The **** of the Rings',Lord,1445891350315,http://www.cnet.com/rss/news/
World **** Web creator makes last-minute bid for open Internet in Europe,Wide,1445891350315,http://www.cnet.com/rss/news/
Next **** One Backwards-Compatible Game Revealed,Xbox,1445891350315,http://www.cnet.com/rss/news/
"'Be open-minded to a **** Effect with no Shepard,' dev says about Andromeda",Mass,1445891350315,http://www.cnet.com/rss/news/
Everything new in **** 5: Guardians,Halo,1445891350315,http://www.cnet.com/rss/news/
Raise a glass to the booze-spewing ***** Lovejoy,Comet,1445891350315,http://www.cnet.com/rss/news/
Apple Store's new ***** Avenue neighbor? Microsoft,Fifth,1445891350315,http://www.cnet.com/rss/news/
Is the ****** 6S a smash hit? Apple may offer clues Tuesday,iPhone,1445891350315,http://www.cnet.com/rss/news/
Silicon Valley's opposition to cybersecurity bill mounts as US ****** prepares to vote,Senate,1445891350315,http://www.cnet.com/rss/news/
"'Batman: ****** Knight' finally comes to PC, just in time for Halloween",Arkham,1445891350315,http://feeds.feedburner.com/Mashable
Makeup artist gruesomely imagines zombie-fied ****** princesses,Disney,1445891350315,http://feeds.feedburner.com/Mashable
The Gay Rodeo: ***** Wild West meets drag competition,Where,1445891350315,http://feeds.feedburner.com/Mashable
Demi ****** wants bizarre Poot meme to stay in the basement it came from,Lovato,1445891350315,http://feeds.feedburner.com/Mashable
Florida couple slaps ***** with $5 million lawsuit over Wi-Fi Assist,Apple,1445891350315,http://feeds.feedburner.com/Mashable
'Halo 5: Guardians' makes one thing clear: ****** Chief needs to go,Master,1445891350315,http://feeds.feedburner.com/Mashable
Donald ***** thinks $1 million is a small loan,Trump,1445891350315,http://feeds.feedburner.com/Mashable
"All right, all right: Matthew McConaughey and ***** are coming to 'Saturday Night Live'",Adele,1445891350315,http://feeds.feedburner.com/Mashable
Footage shows moment after 7.5-magnitude earthquake rocked ***** Asia,South,1445891350315,http://feeds.feedburner.com/Mashable
"Garrett: ***** outburst wrong place, wrong time",Hardy,1445891350315,http://sports.espn.go.com/espn/rss/news
"LeBron ready, but **** cautious with minutes",Cavs,1445891350315,http://sports.espn.go.com/espn/rss/news
Strong laughs at idea that he&apos;s ***** candidate,Miami,1445891350315,http://sports.espn.go.com/espn/rss/news
Bulls&apos; **** says he&apos;s still having blurred vision,Rose,1445891350315,http://sports.espn.go.com/espn/rss/news
&apos;Very rare&apos; performance by Tom ***** reflects his greatness,Brady,1445891350315,http://sports.espn.go.com/espn/rss/news
McMenamin: **** confident Blatt ready for Year 2,More,1445891350315,http://sports.espn.go.com/espn/rss/news
The Eliminator claims Cal and ***** A&amp;M,Texas,1445891350315,http://sports.espn.go.com/espn/rss/news
"Photos: The **** in Pictures for Oct. 19-25, 2015",Week,1445891350315,http://sports.espn.go.com/espn/rss/news
"Fantasy Fallout: ***** joins elite group, Gurley rolls along",Brady,1445891350315,http://sports.espn.go.com/espn/rss/news
Jerry ***** defends investment in DraftKings,Jones,1445891350315,http://sports.espn.go.com/espn/rss/news
Pat ***** (69),Sajak,1445891350315,http://rss.imdb.com/daily/born/
Matthew W. ****** (59),Mungle,1445891350315,http://rss.imdb.com/daily/born/
Emilia ****** (29),Clarke,1445891350315,http://rss.imdb.com/daily/born/
Bob ******,Cobert,1445891350315,http://rss.imdb.com/daily/born/
Rosemarie ****** (44),DeWitt,1445891350315,http://rss.imdb.com/daily/born/
Kelly ***** (50),Rowan,1445891350315,http://rss.imdb.com/daily/born/
Jon ***** (38),Heder,1445891350315,http://rss.imdb.com/daily/born/
Maurice **** (66),Gran,1445891350315,http://rss.imdb.com/daily/born/
Aaron **** (50),Kwok,1445891350315,http://rss.imdb.com/daily/born/
Keith ***** (48),Urban,1445891350315,http://rss.imdb.com/daily/born/
Joel ****,Moss,1445891350315,http://rss.imdb.com/daily/born/
Scott ****** (41),Graham,1445891350315,http://rss.imdb.com/daily/born/
Claire ****** (35),Cooper,1445891350315,http://rss.imdb.com/daily/born/
Cary ***** (53),Elwes,1445891350315,http://rss.imdb.com/daily/born/
Curt ***** (62),Sobel,1445891350315,http://rss.imdb.com/daily/born/
Jason Pierre-Paul arrives for latest ****** physical,Giants,1445891350315,http://www.nfl.com/rss/rsslanding?searchString=home
Cowboys defend ***** after sideline arguments,Hardy,1445891350315,http://www.nfl.com/rss/rsslanding?searchString=home
Brandon ****** gives himself an 'F' after day of drops,LaFell,1445891350315,http://www.nfl.com/rss/rsslanding?searchString=home
Marshall: I should walk back to N.Y. after loss to ****,Pats,1445891350315,http://www.nfl.com/rss/rsslanding?searchString=home
Record five undefeated teams remain after **** 7,Week,1445891350315,http://www.nfl.com/rss/rsslanding?searchString=home
