**** Fox downplays drama surrounding Jeremiah Ratliff's release,John,1445884953667,http://chicagotribune.feedsportal.com/c/34253/f/622872/index.rss
****** GameDay headed to Philly for Temple-Notre Dame,ESPN's,1445884953667,http://chicagotribune.feedsportal.com/c/34253/f/622872/index.rss
** a world ... where Michael Jordan can't sell his house,In,1445884953667,http://chicagotribune.feedsportal.com/c/34253/f/622872/index.rss
********** welcome Ducks back to town,Blackhawks,1445884953667,http://chicagotribune.feedsportal.com/c/34253/f/622872/index.rss
"****** calm exterior, fire burns inside Bulls coach Fred Hoiberg",Behind,1445884953667,http://chicagotribune.feedsportal.com/c/34253/f/622872/index.rss
"************** Lowry, Thorson earn Big Ten honors",Northwestern's,1445884953667,http://chicagotribune.feedsportal.com/c/34253/f/622872/index.rss
**** playing fantasy sports amount to gambling? Debate intensifies,Does,1445884953667,http://chicagotribune.feedsportal.com/c/34253/f/622872/index.rss
"******* owner Jerry Jones, others continue to defend Greg Hardy's behavior",Cowboys,1445884953667,http://chicagotribune.feedsportal.com/c/34253/f/622872/index.rss
****** Condit knows what awaits him against Robbie Lawler,Carlos,1445884953667,http://chicagotribune.feedsportal.com/c/34253/f/622872/index.rss
***** for the Rizzo story: 'The Empire Strikes Back',Title,1445884953667,http://chicagotribune.feedsportal.com/c/34253/f/622872/index.rss
***** season preview: Roster breakdown,Bulls,1445884953667,http://chicagotribune.feedsportal.com/c/34253/f/622872/index.rss
***** faces 2nd-degree murder charges in Oklahoma parade car crash,Woman,1445884953667,http://chicagotribune.feedsportal.com/c/34253/f/622872/index.rss
**** football playoff pairings 2015,Prep,1445884953667,http://chicagotribune.feedsportal.com/c/34253/f/622872/index.rss
"************ Theo Fleury channels his pain, talent as country music singer",Ex-Blackhawk,1445884953667,http://chicagotribune.feedsportal.com/c/34253/f/622872/index.rss
**** Fleury enjoys watching Blackhawks' success,Theo,1445884953667,http://chicagotribune.feedsportal.com/c/34253/f/622872/index.rss
"**** Saunders, Minnesota Timberwolves coach, dies of cancer at 60",Flip,1445884953667,http://chicagotribune.feedsportal.com/c/34253/f/622872/index.rss
******** preview: Ducks at Blackhawks,Monday's,1445884953667,http://chicagotribune.feedsportal.com/c/34253/f/622872/index.rss
******* the puck keeps Blackhawks winning without Duncan Keith,Keeping,1445884953667,http://chicagotribune.feedsportal.com/c/34253/f/622872/index.rss
"******** shares dip, Germany's DAX outperforms",European,1445884953667,http://feeds.reuters.com/reuters/companyNews
************** rally brings out options bulls,CORRECTED-Gold,1445884953667,http://feeds.reuters.com/reuters/companyNews
************* Private Equity responds to Sherborne's letter,BRIEF-Electra,1445884953667,http://feeds.reuters.com/reuters/companyNews
******** loses bid to halt new U.S. Air Force look at radar bids,Raytheon,1445884953667,http://feeds.reuters.com/reuters/companyNews
***** Plains Inc buys idled ethanol plant in Virginia,Green,1445884953667,http://feeds.reuters.com/reuters/companyNews
*************** carrier flynas in talks to buy 4 new aircraft per yr -CEO,CORRECTED-Saudi,1445884953667,http://feeds.reuters.com/reuters/companyNews
"** least 215 Dead as 7.5 Earthquake Hits North India, Pakistan, Afghanistan",At,1445884953667,http://feeds.feedburner.com/NdtvNews-TopStories
****** Plans to Resume Sale of Maggi Next Month,Nestle,1445884953667,http://feeds.feedburner.com/NdtvNews-TopStories
******** Singh Dhoni: Don't Ask Me What Went Wrong in Mumbai ODI,Mahendra,1445884953667,http://feeds.feedburner.com/NdtvNews-TopStories
"***** India Flattened by SA, Ravi Shastri Slams Wankhede Curator",After,1445884953667,http://feeds.feedburner.com/NdtvNews-TopStories
*** Chhota Rajan Was Caught After 20-Year International Hunt,How,1445884953667,http://feeds.feedburner.com/NdtvNews-TopStories
"*** Dogs, Bacon and Other Processed Meats Cause Cancer, WHO Declares",Hot,1445884953667,http://feeds.feedburner.com/NdtvNews-TopStories
"****** Rajan, One of India's Most Wanted, Arrested in Indonesia",Chhota,1445884953667,http://feeds.feedburner.com/NdtvNews-TopStories
****** What it is Like to Watch Brain Surgery on Live TV,Here's,1445884953667,http://feeds.feedburner.com/NdtvNews-TopStories
"***** Home After Over 10 Years in Pakistan, Doesn't Recognise 'Family'",Geeta,1445884953667,http://feeds.feedburner.com/NdtvNews-TopStories
*** #DrunkBhagwantMann Was a Top Trend on Twitter,Why,1445884953667,http://feeds.feedburner.com/NdtvNews-TopStories
****** Suzuki Baleno Launched in India; Prices Start at Rs. 4.99 Lakh,Maruti,1445884953667,http://feeds.feedburner.com/NdtvNews-TopStories
"***** Earthquake, Delhi Metro Halts Trains for 15 Minutes, Thousands Affected",After,1445884953667,http://feeds.feedburner.com/NdtvNews-TopStories
***** Earthquakes of The Past 30 Years,Major,1445884953667,http://feeds.feedburner.com/NdtvNews-TopStories
"***** Lying, Start Working': Rahul Gandhi Takes Swipe at PM in Bihar",'Stop,1445884953667,http://feeds.feedburner.com/NdtvNews-TopStories
********* Meats Increase the Risk of Cancer Says WHO Report,Processed,1445884953667,http://feeds.feedburner.com/NdtvNews-TopStories
"********* Ham Are Cancer-Causing, Red Meat 'Probably' Too: UN Agency","Sausages,",1445884953667,http://feeds.feedburner.com/NdtvNews-TopStories
*** 300 Black Bears Were Killed in Less Than a Week in Florida,Why,1445884953667,http://feeds.feedburner.com/ndtv/TqgX
** Least 3 Dead in Suicide **tack at Saudi Mosque: Media Reports,At,1445884953667,http://feeds.feedburner.com/ndtv/TqgX
************* Nepal Sends Team to China to Ease Supply,Fuel-strapped,1445884953667,http://feeds.feedburner.com/ndtv/TqgX
"*** Dogs, Bacon and Other Processed Meats Cause Cancer, WHO Declares",Hot,1445884953667,http://feeds.feedburner.com/ndtv/TqgX
**** Attack on Shi'ite Pilgrims in Baghdad Kills 7: Sources,Bomb,1445884953667,http://feeds.feedburner.com/ndtv/TqgX
****** Rebel Alliance Tells Russia to Stop Bombing It,Syrian,1445884953667,http://feeds.feedburner.com/ndtv/TqgX
***** Catholic Leaders Appeal for Bold Climate Change Agreement,World,1445884953667,http://feeds.feedburner.com/ndtv/TqgX
"**** Urges 'Fresh Start' for Roma, Sinti Communities",Pope,1445884953667,http://feeds.feedburner.com/ndtv/TqgX
****** What it is Like to Watch Brain Surgery on Live TV,Here's,1445884953667,http://feeds.feedburner.com/ndtv/TqgX
**** Bomb' From Plane Smashes Hole in Couple's Roof,'Poo,1445884953667,http://feeds.feedburner.com/ndtv/TqgX
******* State to Use Foreign Terrorists for Europe Attacks,Islamic,1445884953667,http://feeds.feedburner.com/ndtv/TqgX
***** Clears Restart of Third Nuclear Power Unit Under Strict Regulations,Japan,1445884953667,http://feeds.feedburner.com/ndtv/TqgX
***** Earthquakes of The Past 30 Years,Major,1445884953667,http://feeds.feedburner.com/ndtv/TqgX
********* Meats Increase the Risk of Cancer Says WHO Report,Processed,1445884953667,http://feeds.feedburner.com/ndtv/TqgX
"** least 29 Dead After Strong Quake Hits Afghanistan, Pakistan",At,1445884953667,http://feeds.feedburner.com/ndtv/TqgX
"********* Ham Are Cancer-Causing, Red Meat 'Probably' Too: UN Agency","Sausages,",1445884953667,http://feeds.feedburner.com/ndtv/TqgX
"******* Earthquake Kills 13 in Pakistan, Army Teams on Alert",Massive,1445884953667,http://feeds.feedburner.com/ndtv/TqgX
"*********** Can Alter Earth's Crust, Says Study",Earthquakes,1445884953667,http://feeds.feedburner.com/ndtv/TqgX
"***** India Flattened by SA, Ravi Shastri Slams Wankhede Curator",After,1445884953667,http://feeds.feedburner.com/NDTV-Trending
"** least 215 Dead as 7.5 Earthquake Hits North India, Pakistan, Afghanistan",At,1445884953667,http://feeds.feedburner.com/NDTV-Trending
*** Chhota Rajan Was Caught After 20-Year International Hunt,How,1445884953667,http://feeds.feedburner.com/NDTV-Trending
"*** Dogs, Bacon and Other Processed Meats Cause Cancer, WHO Declares",Hot,1445884953667,http://feeds.feedburner.com/NDTV-Trending
"****** Rajan, One of India's Most Wanted, Arrested in Indonesia",Chhota,1445884953667,http://feeds.feedburner.com/NDTV-Trending
"***** Home After Over 10 Years in Pakistan, Doesn't Recognise 'Family'",Geeta,1445884953667,http://feeds.feedburner.com/NDTV-Trending
*** #DrunkBhagwantMann Was a Top Trend on Twitter,Why,1445884953667,http://feeds.feedburner.com/NDTV-Trending
****** Suzuki Baleno Launched in India; Prices Start at Rs. 4.99 Lakh,Maruti,1445884953667,http://feeds.feedburner.com/NDTV-Trending
******* to Use 3D Touch-Like Pressure-Sensitive Tech in Future Phones','Xiaomi,1445884953667,http://feeds.feedburner.com/NDTV-Trending
"******** Rs 3,000-Crore IPO to Open for Subscription: 10 Facts",IndiGo's,1445884953667,http://feeds.feedburner.com/NDTV-Trending
"***** Earthquake, Delhi Metro Halts Trains for 15 Minutes, Thousands Affected",After,1445884953667,http://feeds.feedburner.com/NDTV-Trending
** Microsoft's Surface Book Really Twice as Fast as the MacBook Pro?,Is,1445884953667,http://feeds.feedburner.com/NDTV-Trending
******** Singh Dhoni: Don't Ask Me What Went Wrong in Mumbai ODI,Mahendra,1445884953667,http://feeds.feedburner.com/NDTV-Trending
"***** Lying, Start Working': Rahul Gandhi Takes Swipe at PM in Bihar",'Stop,1445884953667,http://feeds.feedburner.com/NDTV-Trending
"********* Ham Are Cancer-Causing, Red Meat 'Probably' Too: UN Agency","Sausages,",1445884953667,http://feeds.feedburner.com/NDTV-Trending
"****** Rajan, the Gangster Who Began by Black-marketing Movie Tickets: 10 Facts",Chhota,1445884953667,http://feeds.feedburner.com/NDTV-Trending
***** Metro Services Halted After Earthquake,Delhi,1445884953667,http://feeds.feedburner.com/NDTV-Trending
******* 'small loan' from dad: $1M,Trump's,1445884953667,http://rss.cnn.com/rss/cnn_topstories.rss
*** Miss removes state flag,Ole,1445884953667,http://rss.cnn.com/rss/cnn_topstories.rss
*** a black woman is joining LAPD,Why,1445884953667,http://rss.cnn.com/rss/cnn_topstories.rss
****** crash: Attorney offers theory,Parade,1445884953667,http://rss.cnn.com/rss/cnn_topstories.rss
******** Iraq war 'terrible mistake',Zakaria:,1445884953667,http://rss.cnn.com/rss/cnn_topstories.rss
*** photographers stare down wildlife,How,1445884953667,http://rss.cnn.com/rss/cnn_topstories.rss
****** welcomes rare identical triplets,Couple,1445884953667,http://rss.cnn.com/rss/cnn_topstories.rss
******** potentially widespread; at least 180 deaths reported,Disaster,1445884953667,http://rss.cnn.com/rss/cnn_topstories.rss
**** veggie hot dogs have meat,Some,1445884953667,http://rss.cnn.com/rss/cnn_topstories.rss
**** boat sinks; at least 5 die,Tour,1445884953667,http://rss.cnn.com/rss/cnn_topstories.rss
**** CEO: Daughter shocked me,Tech,1445884953667,http://rss.cnn.com/rss/cnn_topstories.rss
*** or treat? 5 strange facts about candy corn,Ick,1445884953667,http://rss.cnn.com/rss/cnn_topstories.rss
**** Blair: Ousting Saddam was right,Tony,1445884953667,http://rss.cnn.com/rss/cnn_topstories.rss
*** week in 35 photos,The,1445884953667,http://rss.cnn.com/rss/cnn_topstories.rss
***** trees eat pollution,These,1445884953667,http://rss.cnn.com/rss/cnn_topstories.rss
*** the miners wore pink socks,Why,1445884953667,http://rss.cnn.com/rss/cnn_topstories.rss
******* 'Hello' sparks an obsession,Adele's,1445884953667,http://rss.cnn.com/rss/cnn_topstories.rss
************ Pakistan hit by 7.5-magnitude earthquake,"Afghanistan,",1445884953667,http://rss.cnn.com/rss/cnn_world.rss
****** John made hostage tango,Jihadi,1445884953667,http://rss.cnn.com/rss/cnn_world.rss
*** can't we predict earlier?,Why,1445884953667,http://rss.cnn.com/rss/cnn_world.rss
******,Photos,1445884953667,http://rss.cnn.com/rss/cnn_world.rss
"******* felt in India, Pakistan",Shaking,1445884953667,http://rss.cnn.com/rss/cnn_world.rss
**** migrants left behind,What,1445884953667,http://rss.cnn.com/rss/cnn_world.rss
***** shows raid to free hostages from ISIS,Video,1445884953667,http://rss.cnn.com/rss/cnn_world.rss
*** Fighters to play for devoted fans in Italy,Foo,1445884953667,http://rss.cnn.com/rss/cnn_world.rss
*********** woman shot dead; accounts differ,Palestinian,1445884953667,http://rss.cnn.com/rss/cnn_world.rss
******* airstrikes in Syria may have killed dozens of civilians,Russian,1445884953667,http://rss.cnn.com/rss/cnn_world.rss
**** we see category 7 storm?,Will,1445884953667,http://rss.cnn.com/rss/cnn_world.rss
"****** tragedy': 43 die in French bus, truck crash",'Great,1445884953667,http://rss.cnn.com/rss/cnn_world.rss
******** bishops conclude 'spicy' meeting with compromise,Catholic,1445884953667,http://rss.cnn.com/rss/cnn_world.rss
"********* Patricia weakens, but still 'extremely dangerous'",Hurricane,1445884953667,http://rss.cnn.com/rss/cnn_world.rss
** U.S. back in combat in Iraq?,Is,1445884953667,http://rss.cnn.com/rss/cnn_world.rss
***** PM admits partial responsibility for rise of ISIS,Ex-UK,1445884953667,http://rss.cnn.com/rss/cnn_world.rss
***** African fee hike off for 2016 after student protests,South,1445884953667,http://rss.cnn.com/rss/cnn_world.rss
****** Israel agrees to surveillance,Kerry:,1445884953667,http://rss.cnn.com/rss/cnn_world.rss
**** raid drug 'super tunnel' with railway,Feds,1445884953667,http://rss.cnn.com/rss/cnn_world.rss
*** you can help,How,1445884953667,http://rss.cnn.com/rss/cnn_world.rss
"******* airstrike hits Syrian hospital, aid group says",Russian,1445884953667,http://rss.cnn.com/rss/cnn_world.rss
******* Ahmadinejad's bodyguard killed in Syria,Report:,1445884953667,http://rss.cnn.com/rss/cnn_world.rss
***** of girl with Down syndrome making cheer team goes viral,Video,1445884953667,http://rss.cnn.com/rss/cnn_us.rss
***** *****tie needs to zip it in the quiet car,Chris,1445884953667,http://rss.cnn.com/rss/cnn_us.rss
****** The social media president?,Trump:,1445884953667,http://rss.cnn.com/rss/cnn_us.rss
*** Miss removes state flag,Ole,1445884953667,http://rss.cnn.com/rss/cnn_us.rss
**** the human cyborgs,Meet,1445884953667,http://rss.cnn.com/rss/cnn_us.rss
********* by the numbers,Halloween,1445884953667,http://rss.cnn.com/rss/cnn_us.rss
********* costumes on the cheap,Halloween,1445884953667,http://rss.cnn.com/rss/cnn_us.rss
****** in parade crash charged,Driver,1445884953667,http://rss.cnn.com/rss/cnn_us.rss
** ** **rrors! Happy #YuleAWeen,Ho,1445884953667,http://rss.cnn.com/rss/cnn_us.rss
*** can't get this candy anymore,You,1445884953667,http://rss.cnn.com/rss/cnn_us.rss
*** or treat? 5 strange facts about candy corn,Ick,1445884953667,http://rss.cnn.com/rss/cnn_us.rss
******** to spook Earth on Halloween,Asteroid,1445884953667,http://rss.cnn.com/rss/cnn_us.rss
******* 10% of vegetarian hot dogs contain meat,Report:,1445884953667,http://rss.cnn.com/rss/cnn_us.rss
****** to black cop recruit: 'Why choose this?',Family,1445884953667,http://rss.cnn.com/rss/cnn_us.rss
"**** could power everything, if it works",This,1445884953667,http://rss.cnn.com/rss/cnn_us.rss
***** hacking the climate save the world?,Would,1445884953667,http://rss.cnn.com/rss/cnn_us.rss
******* pollution-eating trees,Amazing,1445884953667,http://rss.cnn.com/rss/cnn_us.rss
"******** violent past: Bricks, bats, hammers",Carson's,1445884953667,http://rss.cnn.com/rss/cnn_us.rss
******* apologizes after disabled man crawls off flight,Airline,1445884953667,http://rss.cnn.com/rss/cnn_us.rss
***** reveals moment he told family it was a no-go,Biden,1445884953667,http://rss.cnn.com/rss/cnn_us.rss
***** Christie exits Amtrak 'quiet car',Noisy,1445884953667,http://rss.cnn.com/rss/cnn_us.rss
****** theater shooter allegedly assaulted in jail,Aurora,1445884953667,http://rss.cnn.com/rss/cnn_us.rss
******* NBA coach Flip Saunders dies,Veteran,1445884953667,http://rss.cnn.com/rss/cnn_us.rss
******* denies Enron-like fraud,Valeant,1445884953667,http://rss.cnn.com/rss/money_latest.rss
**** industry slams cancer report: 'Alarmist' and 'theoretical',Meat,1445884953667,http://rss.cnn.com/rss/money_latest.rss
*** Bush ramps up his Fox News appearances,Jeb,1445884953667,http://rss.cnn.com/rss/money_latest.rss
**** news: Americans are driving more than ever,Good,1445884953667,http://rss.cnn.com/rss/money_latest.rss
"********* meat causes cancer, says WHO",Processed,1445884953667,http://rss.cnn.com/rss/money_latest.rss
**** Apple have a big China problem?,Does,1445884953667,http://rss.cnn.com/rss/money_latest.rss
"******** at Work banks RBS' 100,000 employees",Facebook,1445884953667,http://rss.cnn.com/rss/money_latest.rss
******* historic NFL live stream averages 2.36 million viewers,Yahoo's,1445884953667,http://rss.cnn.com/rss/money_latest.rss
****** Trump is wrong about Ford and Mexico,Donald,1445884953667,http://rss.cnn.com/rss/money_latest.rss
******* fossil fuels was great move for Rockefeller Brothers Fund,Dumping,1445884953667,http://rss.cnn.com/rss/money_latest.rss
*** finance tackles racism by hiring 'nameless' graduates,Big,1445884953667,http://rss.cnn.com/rss/money_latest.rss
********* for profits in America,Searching,1445884953667,http://rss.cnn.com/rss/money_latest.rss
******* 5 things to know before the open,Stocks:,1445884953667,http://rss.cnn.com/rss/money_latest.rss
**** really goes on at a gun show,What,1445884953667,http://rss.cnn.com/rss/money_latest.rss
****** dethrones Volkswagen as world's top automaker,Toyota,1445884953667,http://rss.cnn.com/rss/money_latest.rss
***** Post to deliver mega IPO,Japan,1445884953667,http://rss.cnn.com/rss/money_latest.rss
***** Martin to sell a James Bond 'Spectre' car -- but just one,Aston,1445884953667,http://rss.cnn.com/rss/money_latest.rss
***** downplays growth target ahead of political meeting,China,1445884953667,http://rss.cnn.com/rss/money_latest.rss
******* company to buy Texas oil fields in $1.3 billion deal,Chinese,1445884953667,http://rss.cnn.com/rss/money_latest.rss
******* activist Ai Weiwei accuses Lego of 'censorship',Chinese,1445884953667,http://rss.cnn.com/rss/money_latest.rss
****** grants a 97-year-old's wish,Google,1445884953667,http://rss.cnn.com/rss/money_latest.rss
***** Arabia to run out of cash in less than 5 years,Saudi,1445884953667,http://rss.cnn.com/rss/money_latest.rss
******* sports may face big crackdown,Fantasy,1445884953667,http://rss.cnn.com/rss/money_latest.rss
****** Jobs' box office debut is lackluster with $7.3 million,'Steve,1445884953667,http://rss.cnn.com/rss/money_latest.rss
"**** global outlook weak, many U.S. companies tighten belts",With,1445884953667,http://feeds.reuters.com/reuters/businessNews
********* Valeant raises detailed defense but doubts remain,Drugmaker,1445884953667,http://feeds.reuters.com/reuters/businessNews
"**** St. slightly lower as Apple, energy stocks weigh",Wall,1445884953667,http://feeds.reuters.com/reuters/businessNews
"***** oil down, extending two-week slide on product glut worry",Crude,1445884953667,http://feeds.reuters.com/reuters/businessNews
"***** to review operations, not considering sale of company",Xerox,1445884953667,http://feeds.reuters.com/reuters/businessNews
*********** to buy U.S. auto parts retailer Pep Boys,Bridgestone,1445884953667,http://feeds.reuters.com/reuters/businessNews
********** hires former CEO of GM's Opel to run group strategy,Volkswagen,1445884953667,http://feeds.reuters.com/reuters/businessNews
"***** sees record holiday shipments on rising retail, e-commerce",FedEx,1445884953667,http://feeds.reuters.com/reuters/businessNews
******** Capital to buy apartment units worth $5.37 billion,Starwood,1445884953667,http://feeds.reuters.com/reuters/businessNews
**** U.S. bond funds bet on high-yield survivors of oil carnage,Some,1445884953667,http://feeds.reuters.com/reuters/businessNews
******** shares slip as easing expectations fade,European,1445884953667,http://feeds.reuters.com/reuters/businessNews
*** York probes broadband speeds,New,1445884953667,http://feeds.reuters.com/reuters/businessNews
"******* consensus-builder, needs to send strong signal at Fed meet","Yellen,",1445884953667,http://feeds.reuters.com/reuters/businessNews
******* $3.3-billion sale of Lumileds to Go Scale in doubt,Philips,1445884953667,http://feeds.reuters.com/reuters/businessNews
"***** leaders meet to discuss financial reforms, economic growth",China,1445884953667,http://feeds.reuters.com/reuters/businessNews
"********* says to exit equity derivatives, convertibles businesses",StanChart,1445884953667,http://feeds.reuters.com/reuters/businessNews
******* Specialty Product Partners Named Top Dividend Stock With Insider Buying and 10.41% Yield,Calumet,1445884953667,http://www.forbes.com/markets/feed/
"***** Dividend Report: DAL, PII, PRE, HLS, BOH, ONB",Daily,1445884953667,http://www.forbes.com/markets/feed/
******* Southern's Q3 Earnings Preview: Weak Shipments To Negatively Impact Results,Norfolk,1445884953667,http://www.forbes.com/markets/feed/
"***** Street Announces Job Cuts After Poor ETF Growth, Swelling Expenses Hurt Q3 Results",State,1445884953667,http://www.forbes.com/markets/feed/
********** Stock Up 8% On Positive Comps Across All Major Markets,McDonald's,1445884953667,http://www.forbes.com/markets/feed/
******** Preview: Superb Quarter in The U.S. Should Result In High Profits For Ford,Earnings,1445884953667,http://www.forbes.com/markets/feed/
******** In The Chinese Economy Will Likely Impact Alibaba's Growth During The Quarterly Results,Slowdown,1445884953667,http://www.forbes.com/markets/feed/
"***** Earnings Preview: Chinese Growth, iPhone Upgrade Program, ***** Watch In Focus",Apple,1445884953667,http://www.forbes.com/markets/feed/
***** Gold Miners Rally From Low: How To Tell If This Uptrend Is For Real,"Gold,",1445884953667,http://www.forbes.com/markets/feed/
******* Priceline Makes All Time Highs Today,Quietly,1445884953667,http://www.forbes.com/markets/feed/
******* Stock Looks Bubbly With Valuation In The Clouds,Marketo,1445884953667,http://www.forbes.com/markets/feed/
*** Analyst Moves: NKE,Dow,1445884953667,http://www.forbes.com/markets/feed/
******** ETF with Unusual Volume: KXI,Monday's,1445884953667,http://www.forbes.com/markets/feed/
"******** ETF Movers: IHE, GDX",Monday's,1445884953667,http://www.forbes.com/markets/feed/
"****** Sector Laggards: Oil & Gas Exploration & Production, Shipping Stocks",Monday,1445884953667,http://www.forbes.com/markets/feed/
"****** Sector Leaders: Agriculture & Farm Products, Auto Dealerships",Monday,1445884953667,http://www.forbes.com/markets/feed/
"******* Pharmaceuticals Says Philidor Rx Was Not Material, Distances Itself From Liability",Valeant,1445884953667,http://www.forbes.com/markets/feed/
*** Men Who Made A Fortune Off America's Most Controversial Stock,The,1445884953667,http://www.forbes.com/markets/feed/
"***** Impact in Play for BABA, MGM, F Earnings; Pharma Trio on Tap, Too",China,1445884953667,http://www.forbes.com/markets/feed/
******* is Spending Your Pension Money,Someone,1445884953667,http://www.forbes.com/markets/feed/
******** Capital About To Put More Money In Your Pocket (PSEC),Prospect,1445884953667,http://www.forbes.com/markets/feed/
"****** 10/26 Insider Buying Report: BK, ATI",Monday,1445884953667,http://www.forbes.com/markets/feed/
"****** 100 Movers: WFM, BIDU",Nasdaq,1445884953667,http://www.forbes.com/markets/feed/
** Inflation Closer Than It Appears?,Is,1445884953667,http://www.forbes.com/markets/feed/
"*** Movers: AAPL, GS",Dow,1445884953667,http://www.forbes.com/markets/feed/
